"Artist","Track","Tier","Playlist_ID","Playlist_Name","Playlist_URL","IG","Email","Status","Notes"
"Ases Falsos","Mala Fama","B","PL2","Indie Pop Épico: Triunfo y Transformación","https://open.spotify.com/playlist/3A35KIqDxtIPnmU9FrAkAH","@asesfalsos","","pending",""
"Belén Aguilera","La Tirita","B","PL2","Indie Pop Épico: Triunfo y Transformación","https://open.spotify.com/playlist/3A35KIqDxtIPnmU9FrAkAH","@belenaguilera","","pending",""
"Gala Briê","9Amor","B","PL1","Balada Folk Latino: Nostalgia, Raíces y Hogar","https://open.spotify.com/playlist/3RemCcFC1HkpdutHaATLbp","@galabrie","","pending",""
"Gala Briê","9Amor","B","PL2","Indie Pop Épico: Triunfo y Transformación","https://open.spotify.com/playlist/3A35KIqDxtIPnmU9FrAkAH","","","pending",""
"Jimena Amarillo","Mandarinas en la cocina","B","PL1","Balada Folk Latino: Nostalgia, Raíces y Hogar","https://open.spotify.com/playlist/3RemCcFC1HkpdutHaATLbp","@jimenaamarillo","","pending",""
"Jimena Amarillo","Mandarinas en la cocina","B","PL2","Indie Pop Épico: Triunfo y Transformación","https://open.spotify.com/playlist/3A35KIqDxtIPnmU9FrAkAH","@jimenaamarillo","","pending",""
"Kevin Kaarl","San Lucas","B","PL1","Balada Folk Latino: Nostalgia, Raíces y Hogar","https://open.spotify.com/playlist/3RemCcFC1HkpdutHaATLbp","@kevinkaarl","","pending",""
"Kevin Kaarl","San Lucas","B","PL2","Indie Pop Épico: Triunfo y Transformación","https://open.spotify.com/playlist/3A35KIqDxtIPnmU9FrAkAH","@kevinkaarl","","pending",""
"Laia Lepiani","Aquí te espero","B","PL1","Balada Folk Latino: Nostalgia, Raíces y Hogar","https://open.spotify.com/playlist/3RemCcFC1HkpdutHaATLbp","@laialepiani","","pending",""
"Laia Lepiani","Aquí te espero","B","PL2","Indie Pop Épico: Triunfo y Transformación","https://open.spotify.com/playlist/3A35KIqDxtIPnmU9FrAkAH","@laialepiani","","pending",""
"Leo Rizzi","Amapolas","B","PL1","Balada Folk Latino: Nostalgia, Raíces y Hogar","https://open.spotify.com/playlist/3RemCcFC1HkpdutHaATLbp","@leorizzi","","pending",""
"Leo Rizzi","REVOLUCION AZUL","B","PL2","Indie Pop Épico: Triunfo y Transformación","https://open.spotify.com/playlist/3A35KIqDxtIPnmU9FrAkAH","@leorizzi","","pending",""
"Paula Koops","mejores amigos","B","PL1","Balada Folk Latino: Nostalgia, Raíces y Hogar","https://open.spotify.com/playlist/3RemCcFC1HkpdutHaATLbp","@paulakoops","","pending",""
"Paula Koops","mejores amigos","B","PL2","Indie Pop Épico: Triunfo y Transformación","https://open.spotify.com/playlist/3A35KIqDxtIPnmU9FrAkAH","@paulakoops","","pending",""
"Sofía Valdés","Handful of Water","B","PL1","Balada Folk Latino: Nostalgia, Raíces y Hogar","https://open.spotify.com/playlist/3RemCcFC1HkpdutHaATLbp","@sofiavaldes","","pending",""
"Sofía Valdés","Handful of Water","B","PL2","Indie Pop Épico: Triunfo y Transformación","https://open.spotify.com/playlist/3A35KIqDxtIPnmU9FrAkAH","@sofiavaldes","","pending",""
"Viva Suecia","Hablar De Nada","B","PL2","Indie Pop Épico: Triunfo y Transformación","https://open.spotify.com/playlist/3A35KIqDxtIPnmU9FrAkAH","@vivasuecia","","pending",""
"Alex Ferreira","Precisa Tiempo","C","PL2","Indie Pop Épico: Triunfo y Transformación","https://open.spotify.com/playlist/3A35KIqDxtIPnmU9FrAkAH","@alexferreiramusic","","pending",""
"Bandalos Chinos","Vámonos De Viaje","C","PL1","Balada Folk Latino: Nostalgia, Raíces y Hogar","https://open.spotify.com/playlist/3RemCcFC1HkpdutHaATLbp","@bandaloschinos","","pending",""
"Bandalos Chinos","Vámonos de Viaje","C","PL2","Indie Pop Épico: Triunfo y Transformación","https://open.spotify.com/playlist/3A35KIqDxtIPnmU9FrAkAH","@bandaloschinos","","pending",""
"Carolina Durante","Ya no hay verano","C","PL2","Indie Pop Épico: Triunfo y Transformación","https://open.spotify.com/playlist/3A35KIqDxtIPnmU9FrAkAH","@carolinaduranteba","","pending",""
"Daniela Spalla","Flores","C","PL1","Balada Folk Latino: Nostalgia, Raíces y Hogar","https://open.spotify.com/playlist/3RemCcFC1HkpdutHaATLbp","@danielaspalla","","pending",""
"Daniela Spalla","Flores","C","PL2","Indie Pop Épico: Triunfo y Transformación","https://open.spotify.com/playlist/3A35KIqDxtIPnmU9FrAkAH","@danielaspalla","","pending",""
"Dënver","Los Vampiros","C","PL2","Indie Pop Épico: Triunfo y Transformación","https://open.spotify.com/playlist/3A35KIqDxtIPnmU9FrAkAH","@denvermusica","","pending",""
"Dorian","La Tormenta de Arena","C","PL2","Indie Pop Épico: Triunfo y Transformación","https://open.spotify.com/playlist/3A35KIqDxtIPnmU9FrAkAH","@dorianoficial","","pending",""
"El Kanka","Qué Bello Es Vivir","C","PL1","Balada Folk Latino: Nostalgia, Raíces y Hogar","https://open.spotify.com/playlist/3RemCcFC1HkpdutHaATLbp","@elkankaoficial","","pending",""
"Elsa y Elmar","Ojos Noche","C","PL1","Balada Folk Latino: Nostalgia, Raíces y Hogar","https://open.spotify.com/playlist/3RemCcFC1HkpdutHaATLbp","@elsayelmar","","pending",""
"Elsa y Elmar","Ojos Noche (feat. Carla Morrison)","C","PL2","Indie Pop Épico: Triunfo y Transformación","https://open.spotify.com/playlist/3A35KIqDxtIPnmU9FrAkAH","@elsayelmar","","pending",""
"Guitarricadelafuente","Guantanamera","C","PL1","Balada Folk Latino: Nostalgia, Raíces y Hogar","https://open.spotify.com/playlist/3RemCcFC1HkpdutHaATLbp","@guitarricadelafuente","","pending",""
"Guitarricadelafuente","Guantanamera","C","PL2","Indie Pop Épico: Triunfo y Transformación","https://open.spotify.com/playlist/3A35KIqDxtIPnmU9FrAkAH","@guitarricadelafuente","","pending",""
"Israel Fernández","El Anhelo (Bulerías)","C","PL1","Balada Folk Latino: Nostalgia, Raíces y Hogar","https://open.spotify.com/playlist/3RemCcFC1HkpdutHaATLbp","@israelfdezflamenco","","pending",""
"La Casa Azul","El Momento Más Feliz","C","PL2","Indie Pop Épico: Triunfo y Transformación","https://open.spotify.com/playlist/3A35KIqDxtIPnmU9FrAkAH","@lacasaazuloficial","","pending",""
"Manuel García","La Danza de las Libélulas","C","PL2","Indie Pop Épico: Triunfo y Transformación","https://open.spotify.com/playlist/3A35KIqDxtIPnmU9FrAkAH","@manuelgarciacl","","pending",""
"María José Llergo","Me Miras Pero No Me Ves","C","PL1","Balada Folk Latino: Nostalgia, Raíces y Hogar","https://open.spotify.com/playlist/3RemCcFC1HkpdutHaATLbp","@mariajosellergo","","pending",""
"María José Llergo","Me Miras Pero No Me Ves","C","PL2","Indie Pop Épico: Triunfo y Transformación","https://open.spotify.com/playlist/3A35KIqDxtIPnmU9FrAkAH","@mariajosellergo","","pending",""
"Mikel Izal","N.I.T.","C","PL2","Indie Pop Épico: Triunfo y Transformación","https://open.spotify.com/playlist/3A35KIqDxtIPnmU9FrAkAH","@mikelizal","","pending",""
"Mikel Izal","El paraíso","C","PL2","Indie Pop Épico: Triunfo y Transformación","https://open.spotify.com/playlist/3A35KIqDxtIPnmU9FrAkAH","@mikelizal","","pending",""
"Miss Caffeina","Mira cómo vuelo","C","PL2","Indie Pop Épico: Triunfo y Transformación","https://open.spotify.com/playlist/3A35KIqDxtIPnmU9FrAkAH","@misscaffeina","","pending",""
"Miss Caffeina","Ácido","C","PL2","Indie Pop Épico: Triunfo y Transformación","https://open.spotify.com/playlist/3A35KIqDxtIPnmU9FrAkAH","@misscaffeina","","pending",""
"Monsieur Periné","Nuestra Canción","C","PL2","Indie Pop Épico: Triunfo y Transformación","https://open.spotify.com/playlist/3A35KIqDxtIPnmU9FrAkAH","@monsieurperine","","pending",""
"Muerdo","Vas a encontrarte","C","PL1","Balada Folk Latino: Nostalgia, Raíces y Hogar","https://open.spotify.com/playlist/3RemCcFC1HkpdutHaATLbp","@muerdo","","pending",""
"Muerdo","Vas a encontrarte","C","PL2","Indie Pop Épico: Triunfo y Transformación","https://open.spotify.com/playlist/3A35KIqDxtIPnmU9FrAkAH","@muerdo","","pending",""
"Novedades Carminha","Cariñito","C","PL2","Indie Pop Épico: Triunfo y Transformación","https://open.spotify.com/playlist/3A35KIqDxtIPnmU9FrAkAH","@novedadescarminha","","pending",""
"Paloma Morphy","lo que un día fue","C","PL1","Balada Folk Latino: Nostalgia, Raíces y Hogar","https://open.spotify.com/playlist/3RemCcFC1HkpdutHaATLbp","@palomamor.phy","","pending",""
"Paloma Morphy","lo que un día fue","C","PL2","Indie Pop Épico: Triunfo y Transformación","https://open.spotify.com/playlist/3A35KIqDxtIPnmU9FrAkAH","@palomamor.phy","","pending",""
"Pedro Pastor","El Baile","C","PL1","Balada Folk Latino: Nostalgia, Raíces y Hogar","https://open.spotify.com/playlist/3RemCcFC1HkpdutHaATLbp","@pedropastormusica","","pending",""
"Pedro Pastor","El Baile","C","PL2","Indie Pop Épico: Triunfo y Transformación","https://open.spotify.com/playlist/3A35KIqDxtIPnmU9FrAkAH","@pedropastormusica","","pending",""
"Rupatrupa","Rara Bien","C","PL1","Balada Folk Latino: Nostalgia, Raíces y Hogar","https://open.spotify.com/playlist/3RemCcFC1HkpdutHaATLbp","@rupatrupa","","pending",""
"Rupatrupa","Rara Bien","C","PL2","Indie Pop Épico: Triunfo y Transformación","https://open.spotify.com/playlist/3A35KIqDxtIPnmU9FrAkAH","@rupatrupa","","pending",""
"Silvana Estrada","Te Guardo","C","PL1","Balada Folk Latino: Nostalgia, Raíces y Hogar","https://open.spotify.com/playlist/3RemCcFC1HkpdutHaATLbp","@silvanaestradab","","pending",""
"Silvana Estrada","Te Guardo","C","PL2","Indie Pop Épico: Triunfo y Transformación","https://open.spotify.com/playlist/3A35KIqDxtIPnmU9FrAkAH","@silvanaestradab","","pending",""
"Silvana Estrada","Un Rayo de Luz","C","PL2","Indie Pop Épico: Triunfo y Transformación","https://open.spotify.com/playlist/3A35KIqDxtIPnmU9FrAkAH","@silvanaestradab","","pending",""
"Sofia Ellar","Amor de Anticuario","C","PL1","Balada Folk Latino: Nostalgia, Raíces y Hogar","https://open.spotify.com/playlist/3RemCcFC1HkpdutHaATLbp","@sofiaellar","","pending",""
"Sofia Ellar","Amor de Anticuario","C","PL2","Indie Pop Épico: Triunfo y Transformación","https://open.spotify.com/playlist/3A35KIqDxtIPnmU9FrAkAH","@sofiaellar","","pending",""
"Tony Acosta","Para Que No Me Olvides","C","PL1","Balada Folk Latino: Nostalgia, Raíces y Hogar","https://open.spotify.com/playlist/3RemCcFC1HkpdutHaATLbp","@tonyacostamusic","","pending",""
"Tony Acosta","Para Que No Me Olvides","C","PL2","Indie Pop Épico: Triunfo y Transformación","https://open.spotify.com/playlist/3A35KIqDxtIPnmU9FrAkAH","@tonyacostamusic","","pending",""
"Valeria Castro","guerrera","C","PL1","Balada Folk Latino: Nostalgia, Raíces y Hogar","https://open.spotify.com/playlist/3RemCcFC1HkpdutHaATLbp","@valeriacastromusic","","pending",""
"Valeria Castro","guerrera","C","PL2","Indie Pop Épico: Triunfo y Transformación","https://open.spotify.com/playlist/3A35KIqDxtIPnmU9FrAkAH","@valeriacastromusic","","pending",""
"Vanesa Martín","Polvo de mariposas","C","PL1","Balada Folk Latino: Nostalgia, Raíces y Hogar","https://open.spotify.com/playlist/3RemCcFC1HkpdutHaATLbp","@vanesamartin","","pending",""
"Varry Brava","Confeti","C","PL2","Indie Pop Épico: Triunfo y Transformación","https://open.spotify.com/playlist/3A35KIqDxtIPnmU9FrAkAH","@varrybrava","","pending",""
"Varry Brava","Roma","C","PL2","Indie Pop Épico: Triunfo y Transformación","https://open.spotify.com/playlist/3A35KIqDxtIPnmU9FrAkAH","@varrybrava","","pending",""
"Veintiuno","Los Abrazos Prohibidos","C","PL2","Indie Pop Épico: Triunfo y Transformación","https://open.spotify.com/playlist/3A35KIqDxtIPnmU9FrAkAH","@veintiunooficial","","pending",""
"Yami Safdie","En Otra Vida","C","PL1","Balada Folk Latino: Nostalgia, Raíces y Hogar","https://open.spotify.com/playlist/3RemCcFC1HkpdutHaATLbp","@yamisafdie","","pending",""
"Yami Safdie","En Otra Vida","C","PL2","Indie Pop Épico: Triunfo y Transformación","https://open.spotify.com/playlist/3A35KIqDxtIPnmU9FrAkAH","@yamisafdie","","pending",""
